seller_state,customer_state,route_proxy,delivered_orders,late_deliveries,late_delivery_rate,late_dispatch_rate,avg_carrier_to_delivery_days,avg_review_score,on_time_delivery_rate,late_rate_ci95_lower,late_rate_ci95_upper,late_order_share,expected_late_deliveries_at_overall_rate,excess_late_deliveries_vs_overall
PR,AL,PR → AL,35,11,0.3142857142857143,0.14285714285714285,25.64673082010582,3.5428571428571427,0.6857142857142857,0.18550844674265818,0.4797976361206918,0.001686857843888974,2.397552392457587,8.602447607542413
SP,AL,SP → AL,254,61,0.24015748031496062,0.09448818897637795,21.774578548775153,3.7142857142857144,0.7598425196850394,0.1917439706328919,0.29631353337078237,0.009354393497929766,17.399380219549347,43.60061978045066
RJ,CE,RJ → CE,54,11,0.2037037037037037,0.1111111111111111,21.534854038065845,3.6481481481481484,0.7962962962962963,0.11774054087421391,0.3290230668833543,0.001686857843888974,3.69908083407742,7.30091916592258
MA,SP,MA → SP,123,25,0.2032520325203252,0.3170731707317073,10.825950485546523,3.9262295081967213,0.7967479674796748,0.14163307280746557,0.28284532188527917,0.003833767827020396,8.425684122065235,16.574315877934765
SP,MA,SP → MA,486,93,0.19135802469135801,0.08641975308641975,18.581455689871973,3.720954356846473,0.808641975308642,0.15885900400915007,0.2286979399819574,0.014261616316515872,33.29172750669678,59.70827249330322
PR,MA,PR → MA,40,7,0.175,0.1,18.118152199074075,3.875,0.825,0.0874541374603592,0.31949990331787714,0.0010734549915657108,2.740059877094385,4.259940122905615
MG,AL,MG → AL,35,6,0.17142857142857143,0.11428571428571428,18.662001322751323,4.147058823529412,0.8285714285714285,0.08102640053701589,0.3268228229904496,0.0009201042784848949,2.397552392457587,3.602447607542413
SP,SE,SP → SE,205,34,0.16585365853658537,0.11219512195121951,17.848156729900634,3.8390243902439023,0.8341463414634146,0.12118132426601284,0.22281866130378408,0.005213924244747738,14.042806870108723,19.957193129891277
SP,PI,SP → PI,327,54,0.1651376146788991,0.08256880733944955,16.97778524606411,3.9690402476780187,0.8348623853211009,0.12882727886594653,0.20922424351386726,0.008280938506364055,22.399989495246597,31.600010504753403
SP,RR,SP → RR,33,5,0.15151515151515152,0.09090909090909091,27.48308782267116,3.757575757575758,0.8484848484848485,0.06650457281607568,0.3091987588044212,0.0007667535654040791,2.2605493986028677,2.7394506013971323
MG,MA,MG → MA,60,9,0.15,0.08333333333333333,16.669783179012345,4.372881355932203,0.85,0.08097440580167739,0.2611458906977855,0.0013801564177273425,4.110089815641578,4.889910184358422
PR,BA,PR → BA,143,21,0.14685314685314685,0.14685314685314685,17.763000922688423,3.8226950354609928,0.8531468531468531,0.09810081645768931,0.21408253549790818,0.0032203649746971323,9.795714060612427,11.204285939387573
PR,CE,PR → CE,63,9,0.14285714285714285,0.047619047619047616,22.480376984126984,3.5,0.8571428571428572,0.07701948334720692,0.24974565921625858,0.0013801564177273425,4.315594306423657,4.684405693576343
RS,BA,RS → BA,42,6,0.14285714285714285,0.07142857142857142,17.30822558421517,4.073170731707317,0.8571428571428572,0.06715967015962647,0.27841089474444775,0.0009201042784848949,2.8770628709491044,3.1229371290508956
SP,RJ,SP → RJ,8048,1147,0.14251988071570576,0.095551689860835,12.934095640278699,3.9036101687816727,0.8574801192842942,0.13505280241625556,0.15032805990852816,0.17589326790369575,551.3000472713903,595.6999527286097
SP,CE,SP → CE,961,133,0.1383975026014568,0.08949011446409989,17.98764440494084,3.9728033472803346,0.8616024973985432,0.11800066869851031,0.16167373413085792,0.020395644839748504,65.8299385471926,67.1700614528074
SP,BA,SP → BA,2278,297,0.13037752414398596,0.08516242317822652,16.570076196834453,3.8895271763146266,0.869622475856014,0.11717009932724108,0.14482946094443164,0.0455451617850023,156.04641000052524,140.95358999947476
MA,MG,MA → MG,31,4,0.12903225806451613,0.2903225806451613,13.202214755077659,4.258064516129032,0.8709677419354839,0.051342843746291486,0.28852406256306423,0.0006134028523232633,2.1235464047481485,1.8764535952518515
SP,MS,SP → MS,471,59,0.12526539278131635,0.09554140127388536,12.8026973735944,4.09660297239915,0.8747346072186837,0.09836970968273284,0.15822426828055813,0.009047692071768134,32.26420505278639,26.735794947213613
MG,PB,MG → PB,48,6,0.125,0.08333333333333333,16.081279176311728,4.148936170212766,0.875,0.058570514385719794,0.24700458286386834,0.0009201042784848949,3.288071852513262,2.711928147486738
PR,PB,PR → PB,40,5,0.125,0.1,18.506712673611112,4.025,0.875,0.05459500250945401,0.261121198388511,0.0007667535654040791,2.740059877094385,2.259940122905615
SP,ES,SP → ES,1444,180,0.12465373961218837,0.09002770083102493,12.489839638157894,4.06013986013986,0.8753462603878116,0.10860557012807816,0.1426936702715253,0.027603128354546848,98.91616156310731,81.08383843689269
MG,CE,MG → CE,73,9,0.1232876712328767,0.0821917808219178,17.23612839294774,4.034246575342466,0.8767123287671232,0.06623751038902924,0.21800304355022015,0.0013801564177273425,5.000609275697252,3.9993907243027476
PR,RJ,PR → RJ,951,117,0.12302839116719243,0.11777076761303891,13.897363788604588,3.912046908315565,0.8769716088328076,0.10365562161843313,0.1454343782171913,0.017942033430455452,65.144923577919,51.855076422081
SP,PA,SP → PA,675,81,0.12,0.07703703703703704,19.900853206447188,3.8828828828828827,0.88,0.09761063587116624,0.14669008658146565,0.012421407759546081,46.238510425967746,34.761489574032254
SC,BA,SC → BA,76,9,0.11842105263157894,0.06578947368421052,18.316020193713452,3.7466666666666666,0.881578947368421,0.06356819004179068,0.2099921775079194,0.0013801564177273425,5.206113766479332,3.7938862335206682
PR,PA,PR → PA,53,6,0.11320754716981132,0.09433962264150944,20.99565426275332,4.132075471698113,0.8867924528301887,0.05293030947702562,0.22576519111992185,0.0009201042784848949,3.6305793371500603,2.3694206628499397
RJ,BA,RJ → BA,135,15,0.1111111111111111,0.05925925925925926,14.231519975994512,4.18796992481203,0.8888888888888888,0.06850037601571249,0.17524136444236246,0.0023002606962122373,9.24770208519355,5.75229791480645
MG,SE,MG → SE,36,4,0.1111111111111111,0.1111111111111111,20.947790316358024,4.285714285714286,0.8888888888888888,0.04406640300315648,0.25314808590364857,0.0006134028523232633,2.4660538893849466,1.5339461106150534
SP,TO,SP → TO,191,21,0.1099476439790576,0.09424083769633508,14.433329758095793,4.11578947368421,0.8900523560209423,0.07304510364224662,0.16223058715865443,0.0032203649746971323,13.08378591312569,7.9162140868743105
MG,PA,MG → PA,83,9,0.10843373493975904,0.13253012048192772,22.995541610887997,4.1,0.891566265060241,0.058104915192981194,0.19340466464711883,0.0013801564177273425,5.68562424497085,3.3143757550291504
SP,PB,SP → PB,333,35,0.10510510510510511,0.10510510510510511,17.1151350308642,4.066869300911854,0.8948948948948949,0.076548792740807,0.14266845883866996,0.005367274957828554,22.810998476810756,12.189001523189244
PR,PE,PR → PE,86,9,0.10465116279069768,0.11627906976744186,16.01623950258398,4.047058823529412,0.8953488372093024,0.056040897145363075,0.18707023559220054,0.0013801564177273425,5.891128735752928,3.108871264247072
SP,RN,SP → RN,330,33,0.1,0.09090909090909091,16.990777567340068,4.122324159021407,0.9,0.0720942680488333,0.13711120052122194,0.005060573531666922,22.605493986028677,10.394506013971323
RJ,SC,RJ → SC,110,11,0.1,0.07272727272727272,12.069041035353536,4.302752293577981,0.9,0.056760120140964467,0.17023502809756688,0.001686857843888974,7.535164662009559,3.464835337990441
MG,BA,MG → BA,362,36,0.09944751381215469,0.0718232044198895,15.386762072846327,4.127777777777778,0.9005524861878453,0.07270064663303229,0.1346062536433124,0.00552062567090937,24.797541887704185,11.202458112295815
RJ,PE,RJ → PE,91,9,0.0989010989010989,0.0989010989010989,13.799589947089945,4.186813186813187,0.9010989010989011,0.052908639819141776,0.1773857809150149,0.0013801564177273425,6.233636220389727,2.7663637796102734
SP,PE,SP → PE,1126,111,0.09857904085257549,0.08880994671403197,15.676092084813497,4.055655296229802,0.9014209591474245,0.08250854169980361,0.1173792010074103,0.017021929151970556,77.13268554020694,33.867314459793064
SP,SC,SP → SC,2306,222,0.09627059843885516,0.08803122289679098,12.546322706867754,4.050306211723535,0.9037294015611448,0.08489448868224056,0.10898957946906138,0.03404385830394111,157.9644519144913,64.03554808550871
RJ,MS,RJ → MS,32,3,0.09375,0.09375,14.039148220486112,4.3125,0.90625,0.032401551298366194,0.24218154728387864,0.00046005213924244745,2.192047901675508,0.8079520983244919
SC,RJ,SC → RJ,465,43,0.09247311827956989,0.08172043010752689,13.281782158502589,3.9717391304347824,0.9075268817204301,0.06937804749311172,0.12224634307737645,0.00659408066247508,31.85319607122223,11.146803928777771
RJ,RS,RJ → RS,196,17,0.08673469387755102,0.07653061224489796,12.793778226568405,4.230769230769231,0.9132653061224489,0.05485711829174525,0.13450028053832946,0.002606962122373869,13.426293397762487,3.573706602237513
RJ,PR,RJ → PR,200,17,0.085,0.065,10.191203645833333,4.130653266331659,0.915,0.05374575017747561,0.13189587071565567,0.002606962122373869,13.700299385471926,3.2997006145280743
PR,ES,PR → ES,106,9,0.08490566037735849,0.14150943396226415,14.233245763452132,4.105769230769231,0.9150943396226415,0.04531155885413671,0.1535337501502553,0.0013801564177273425,7.261158674300121,1.7388413256998794
ES,RJ,ES → RJ,59,5,0.0847457627118644,0.05084745762711865,10.09503943032015,4.101694915254237,0.9152542372881356,0.03674203301763673,0.18351795267410276,0.0007667535654040791,4.0415883187142185,0.9584116812857815
MG,RJ,MG → RJ,1124,94,0.08362989323843416,0.059608540925266906,11.177812644161065,4.168906810035843,0.9163701067615658,0.06882969858314666,0.10126642381094361,0.014414967029596687,76.99568254635223,17.004317453647772
RJ,DF,RJ → DF,96,8,0.08333333333333333,0.052083333333333336,11.684866657021606,4.125,0.9166666666666666,0.04283062415096722,0.15589903239709585,0.0012268057046465265,6.576143705026524,1.4238562949734757
ES,SP,ES → SP,100,8,0.08,0.04,9.842241782407406,4.181818181818182,0.92,0.041093461484380624,0.14998107700948735,0.0012268057046465265,6.850149692735963,1.1498503072640371
MG,MT,MG → MT,50,4,0.08,0.06,18.155712037037038,4.04,0.92,0.03154951408859298,0.18838246918342838,0.0006134028523232633,3.4250748463679814,0.5749251536320186
RJ,SP,RJ → SP,1299,103,0.07929176289453425,0.08622016936104696,9.05785350376358,4.176470588235294,0.9207082371054658,0.06580828839639075,0.09525617374517972,0.01579512344732403,88.98344450864016,14.016555491359838
SP,GO,SP → GO,1394,106,0.07604017216642754,0.07747489239598278,12.871205214809502,4.080028839221341,0.9239598278335724,0.06326123368431978,0.09114930941317238,0.016255175586566476,95.49108671673932,10.508913283260682
BA,BA,BA → BA,66,5,0.07575757575757576,0.13636363636363635,6.496007295173961,4.287878787878788,0.9242424242424242,0.032792037562960244,0.1653919502061051,0.0007667535654040791,4.5210987972057355,0.4789012027942645
MG,PE,MG → PE,109,8,0.07339449541284404,0.11009174311926606,13.471995731396534,4.3577981651376145,0.926605504587156,0.03765708283283439,0.13817774798251642,0.0012268057046465265,7.466663165082199,0.5333368349178009
DF,RJ,DF → RJ,96,7,0.07291666666666667,0.07291666666666667,11.301177059220679,3.8842105263157896,0.9270833333333334,0.03576758131036273,0.14293031665140193,0.0010734549915657108,6.576143705026524,0.42385629497347566
PE,RJ,PE → RJ,42,3,0.07142857142857142,0.07142857142857142,11.86692046957672,3.975609756097561,0.9285714285714286,0.02459040987330592,0.19009426801158313,0.00046005213924244745,2.8770628709491044,0.1229371290508956
RS,RJ,RS → RJ,240,17,0.07083333333333333,0.10833333333333334,10.399189091435185,4.128205128205129,0.9291666666666667,0.04469193703717767,0.11049684424599365,0.002606962122373869,16.44035926256631,0.5596407374336891
SP,RS,SP → RS,3540,238,0.0672316384180791,0.0788135593220339,13.019833598163842,4.1398809523809526,0.9327683615819209,0.05944252962131087,0.07595897306904194,0.036497469713234164,242.49529912285308,0.0
SP,DF,SP → DF,1365,89,0.0652014652014652,0.08937728937728938,10.133614655406323,4.083271923360353,0.9347985347985348,0.053286329510133124,0.07955700135840812,0.013648213464192609,93.5045433058459,0.0
MG,SC,MG → SC,248,16,0.06451612903225806,0.10080645161290322,13.501541591995222,4.151020408163265,0.935483870967742,0.040098667230277246,0.1022188804385222,0.002453611409293053,16.988371237985188,0.0
BA,PE,BA → PE,32,2,0.0625,0.0625,13.488697554976852,4.5,0.9375,0.017310567031640967,0.2014712314415458,0.00030670142616163164,2.192047901675508,0.0
RJ,MG,RJ → MG,547,33,0.0603290676416819,0.06946983546617916,9.497164457647775,4.2749077490774905,0.9396709323583181,0.04327703099173852,0.08351345963367465,0.005060573531666922,37.470318819265714,0.0
SP,MT,SP → MT,640,38,0.059375,0.0671875,14.58667115162037,4.203937007874016,0.940625,0.04356118843740843,0.08044676061100703,0.005827327097071002,43.84095803351016,0.0
DF,BA,DF → BA,35,2,0.05714285714285714,0.08571428571428572,14.189466931216932,3.942857142857143,0.9428571428571428,0.015813161857108654,0.1860705742016492,0.00030670142616163164,2.397552392457587,0.0
RJ,GO,RJ → GO,107,6,0.056074766355140186,0.06542056074766354,12.331309384735203,4.273584905660377,0.9439252336448598,0.02595036250362482,0.11696961517657262,0.0009201042784848949,7.329660171227481,0.0
SC,GO,SC → GO,54,3,0.05555555555555555,0.037037037037037035,14.976428540809328,4.2592592592592595,0.9444444444444444,0.0190732684546909,0.15107214318166143,0.00046005213924244745,3.69908083407742,0.0
PR,SC,PR → SC,382,21,0.0549738219895288,0.10732984293193717,10.049829570244329,4.343832020997375,0.9450261780104712,0.036234176593673444,0.08257487767645694,0.0032203649746971323,26.16757182625138,0.0
RJ,PA,RJ → PA,37,2,0.05405405405405406,0.05405405405405406,19.24191722972973,4.45945945945946,0.9459459459459459,0.014950976833157673,0.17704654350813104,0.00030670142616163164,2.5345553863123063,0.0
GO,RJ,GO → RJ,56,3,0.05357142857142857,0.125,11.345187045304232,4.363636363636363,0.9464285714285714,0.018385781382109126,0.14607309068821533,0.00046005213924244745,3.836083827932139,0.0
SP,MG,SP → MG,7326,391,0.053371553371553374,0.09473109473109473,9.116848960308431,4.169207526438676,0.9466284466284466,0.04845459127792589,0.058756657865125704,0.05996012881459899,501.84196648983664,0.0
PR,MT,PR → MT,57,3,0.05263157894736842,0.03508771929824561,15.52595211988304,4.142857142857143,0.9473684210526316,0.01806029563366167,0.14369550397163527,0.00046005213924244745,3.904585324859499,0.0
SC,PE,SC → PE,38,2,0.05263157894736842,0.13157894736842105,15.278439936647173,3.9473684210526314,0.9473684210526316,0.014554208147292413,0.17285462131770377,0.00030670142616163164,2.603056883239666,0.0
RS,PR,RS → PR,137,7,0.051094890510948905,0.145985401459854,6.574843707758854,4.341911764705882,0.948905109489051,0.02496794443140947,0.10170966150995021,0.0010734549915657108,9.384705079048269,0.0
MG,MS,MG → MS,61,3,0.04918032786885246,0.09836065573770492,12.843317015786278,4.245901639344262,0.9508196721311475,0.0168659826687624,0.134911275272159,0.00046005213924244745,4.178591312568937,0.0
SC,RS,SC → RS,286,14,0.04895104895104895,0.07692307692307693,9.78486803127428,4.367957746478873,0.951048951048951,0.029379949419962952,0.08047824322870276,0.0021469099831314216,19.591428121224855,0.0
MA,RJ,MA → RJ,41,2,0.04878048780487805,0.24390243902439024,13.318207429990968,4.375,0.9512195121951219,0.013480945365169042,0.16138978870370846,0.00030670142616163164,2.8085613740217448,0.0
BA,RJ,BA → RJ,83,4,0.04819277108433735,0.07228915662650602,10.574063755020081,4.146341463414634,0.9518072289156626,0.01889861550329229,0.1174585920045154,0.0006134028523232633,5.68562424497085,0.0
RJ,RJ,RJ → RJ,943,45,0.04772004241781548,0.09650053022269353,3.810336471357238,4.402360515021459,0.9522799575821845,0.035853374096145404,0.06325662784396306,0.006900782088636712,64.59691160250013,0.0
MG,ES,MG → ES,169,8,0.047337278106508875,0.1301775147928994,12.427016354372123,4.171779141104294,0.9526627218934911,0.024178901084667415,0.09061681376334063,0.0012268057046465265,11.576752980723777,0.0
SP,SP,SP → SP,30313,1425,0.04700953386335895,0.09190776234618811,4.809083746946775,4.264596884817912,0.9529904661366411,0.04468368380264113,0.0494501811218122,0.21852476614016256,2076.4858763590523,0.0
PR,GO,PR → GO,87,4,0.04597701149425287,0.08045977011494253,12.177749973392933,4.203488372093023,0.9540229885057472,0.018022688467086906,0.11233033507987294,0.0006134028523232633,5.959630232680288,0.0
SP,PR,SP → PR,3077,138,0.04484887877803055,0.08774780630484239,9.569859873584178,4.209693211488251,0.9551511212219694,0.038085949143783486,0.052746851752051564,0.021162398405152584,210.77910604548558,0.0
MG,RS,MG → RS,273,12,0.04395604395604396,0.0989010989010989,14.025040488061322,4.220588235294118,0.9560439560439561,0.025320760657246533,0.07524748132245856,0.0018402085569697898,18.70090866116918,0.0
SC,SC,SC → SC,253,11,0.043478260869565216,0.08300395256916997,5.553729367954912,4.424603174603175,0.9565217391304348,0.02444831863899726,0.07616417180295484,0.001686857843888974,17.330878722621986,0.0
PR,RS,PR → RS,562,24,0.042704626334519574,0.09074733096085409,10.174194922235403,4.319395017793594,0.9572953736654805,0.028862901813380738,0.06275544465550506,0.0036804171139395796,38.497841273176114,0.0
DF,DF,DF → DF,49,2,0.04081632653061224,0.061224489795918366,1.8241728080120938,4.26530612244898,0.9591836734693877,0.011265633366185787,0.13713032306080064,0.00030670142616163164,3.356573349440622,0.0
SC,ES,SC → ES,49,2,0.04081632653061224,0.04081632653061224,12.443424981103552,4.229166666666667,0.9591836734693877,0.011265633366185787,0.13713032306080064,0.00030670142616163164,3.356573349440622,0.0
SP,AP,SP → AP,49,2,0.04081632653061224,0.061224489795918366,24.414060610355254,4.229166666666667,0.9591836734693877,0.011265633366185787,0.13713032306080064,0.00030670142616163164,3.356573349440622,0.0
PR,MG,PR → MG,803,32,0.039850560398505604,0.11581569115815692,10.272140800124532,4.24875,0.9601494396014943,0.02836762778380237,0.05571513479492458,0.004907222818586106,55.00670203266978,0.0
SC,SP,SC → SP,1288,48,0.037267080745341616,0.07763975155279502,9.070401884561193,4.248249027237354,0.9627329192546584,0.028222808535697697,0.04906334615377801,0.007360834227879159,88.2299280424392,0.0
BA,SP,BA → SP,135,5,0.037037037037037035,0.044444444444444446,8.325356224279837,4.2,0.962962962962963,0.015921913773667362,0.08377063439070755,0.0007667535654040791,9.24770208519355,0.0
PR,MS,PR → MS,55,2,0.03636363636363636,0.07272727272727272,10.422084806397306,4.314814814814815,0.9636363636363636,0.01002954128933356,0.12323463974651017,0.00030670142616163164,3.7675823310047796,0.0
MG,SP,MG → SP,2506,91,0.036312849162011177,0.08100558659217877,7.767667182096303,4.2680433039294305,0.9636871508379888,0.029669700996715558,0.044375397815229305,0.01395491489035424,171.66475129996323,0.0
SC,MG,SC → MG,422,15,0.035545023696682464,0.1018957345971564,11.408141867430226,4.129761904761905,0.9644549763033176,0.021657094070918394,0.057812525712963414,0.0023002606962122373,28.907631703345764,0.0
SP,AC,SP → AC,57,2,0.03508771929824561,0.07017543859649122,17.480636777128005,4.017543859649122,0.9649122807017544,0.009675664344932881,0.11920781367625805,0.00030670142616163164,3.904585324859499,0.0
MT,SP,MT → SP,30,1,0.03333333333333333,0.13333333333333333,9.059141975308643,4.133333333333334,0.9666666666666667,0.005908590381612455,0.16670390991409173,0.00015335071308081582,2.055044907820789,0.0
MG,DF,MG → DF,183,6,0.03278688524590164,0.08743169398907104,8.840649919044727,4.324175824175824,0.9672131147540983,0.01511147471989768,0.0696740911854546,0.0009201042784848949,12.535773937706812,0.0
SC,MS,SC → MS,31,1,0.03225806451612903,0.1935483870967742,10.670741114097968,4.516129032258065,0.967741935483871,0.005717221525416816,0.16194105164724906,0.00015335071308081582,2.1235464047481485,0.0
PR,SP,PR → SP,2873,90,0.03132613992342499,0.11211699164345404,7.722487398283555,4.295343137254902,0.968673860076575,0.025555774763262765,0.03834814954129601,0.013801564177273424,196.80480067230422,0.0
MG,PI,MG → PI,32,1,0.03125,0.0625,13.230088614004629,4.21875,0.96875,0.005537860164003122,0.15744263820012558,0.00015335071308081582,2.192047901675508,0.0
SP,AM,SP → AM,99,3,0.030303030303030304,0.0707070707070707,22.997659114291057,4.222222222222222,0.9696969696969697,0.010358639578454044,0.08533680206102018,0.00046005213924244745,6.781648195808604,0.0
SP,RO,SP → RO,167,5,0.029940119760479042,0.0718562874251497,16.451727309270346,4.240963855421687,0.9700598802395209,0.012855039352347983,0.0681642806431653,0.0007667535654040791,11.439749986869058,0.0
RS,RS,RS → RS,287,8,0.027874564459930314,0.08013937282229965,3.9201263872757774,4.573426573426573,0.9721254355400697,0.014190769548754464,0.054030105498246744,0.0012268057046465265,19.659929618152212,0.0
PR,PR,PR → PR,703,19,0.02702702702702703,0.14366998577524892,4.893921931800222,4.42467718794835,0.972972972972973,0.017369617468858706,0.04182535234870562,0.002913663548535501,48.15655233993382,0.0
PR,DF,PR → DF,148,4,0.02702702702702703,0.07432432432432433,10.204891297547547,4.256756756756757,0.972972972972973,0.010559385113516857,0.06742629095060353,0.0006134028523232633,10.138221545249225,0.0
MG,GO,MG → GO,149,4,0.026845637583892617,0.06040268456375839,11.37152917598807,4.162162162162162,0.9731543624161074,0.010488186096238764,0.06698725094853536,0.0006134028523232633,10.206723042176584,0.0
MG,MG,MG → MG,1507,38,0.025215660252156602,0.07033842070338421,5.593143363378309,4.376666666666667,0.9747843397478434,0.018425728860235278,0.034419960774873984,0.005827327097071002,103.23175586953096,0.0
SC,PR,SC → PR,282,7,0.024822695035460994,0.05319148936170213,8.434693533293933,4.398576512455516,0.975177304964539,0.012075049599934839,0.05034227395523887,0.0010734549915657108,19.317422133515414,0.0
DF,SP,DF → SP,306,7,0.02287581699346405,0.09803921568627451,7.807657460360687,4.1797385620915035,0.9771241830065359,0.011124288561132983,0.04645825345439185,0.0010734549915657108,20.961458059772045,0.0
RS,DF,RS → DF,47,1,0.02127659574468085,0.06382978723404255,9.390602098108747,4.260869565217392,0.9787234042553191,0.0037657680385967812,0.11112981041629329,0.00015335071308081582,3.2195703555859025,0.0
RJ,ES,RJ → ES,97,2,0.020618556701030927,0.08247422680412371,9.50705708285605,4.412371134020619,0.979381443298969,0.005672685102266338,0.07208758247415772,0.00030670142616163164,6.6446452019538835,0.0
PE,SP,PE → SP,104,2,0.019230769230769232,0.038461538461538464,9.640389400819087,4.365384615384615,0.9807692307692307,0.0052897115850640206,0.0674231291576782,0.00030670142616163164,7.124155680445401,0.0
RS,MG,RS → MG,185,3,0.016216216216216217,0.07567567567567568,8.600927615115115,4.451086956521739,0.9837837837837837,0.0055300416798543875,0.04658488521254289,0.00046005213924244745,12.67277693156153,0.0
GO,SP,GO → SP,125,2,0.016,0.064,8.304068703703704,4.376,0.984,0.004398800179193873,0.05646250093046615,0.00030670142616163164,8.562687115919953,0.0
RS,SP,RS → SP,658,8,0.0121580547112462,0.07598784194528875,6.9332416905887655,4.3744292237442925,0.9878419452887538,0.006173273862794223,0.02380589797096902,0.0012268057046465265,45.07398497820264,0.0
MG,PR,MG → PR,362,4,0.011049723756906077,0.06077348066298342,9.642400501330059,4.329639889196676,0.988950276243094,0.004305179912241726,0.02806255352853774,0.0006134028523232633,24.797541887704185,0.0
DF,MG,DF → MG,102,1,0.00980392156862745,0.058823529411764705,6.896048474945534,4.0,0.9901960784313726,0.0017327343974216647,0.053457914765777534,0.00015335071308081582,6.987152686590682,0.0
RS,SC,RS → SC,114,0,0.0,0.07017543859649122,6.303552733105913,4.56140350877193,1.0,0.0,0.03259853415884162,0.0,7.809170649718998,0.0
GO,MG,GO → MG,83,0,0.0,0.07228915662650602,7.963238509593932,4.421686746987952,1.0,3.469446951953614e-18,0.04423530964197385,0.0,5.68562424497085,0.0
SC,DF,SC → DF,69,0,0.0,0.028985507246376812,10.506378488996244,4.478260869565218,1.0,3.469446951953614e-18,0.05273725818905173,0.0,4.726603287987814,0.0
PE,MG,PE → MG,60,0,0.0,0.03333333333333333,9.501010416666666,4.2,1.0,0.0,0.06017185214208986,0.0,4.110089815641578,0.0
BA,MG,BA → MG,51,0,0.0,0.09803921568627451,7.404768518518518,4.215686274509804,1.0,0.0,0.07004661989853143,0.0,3.493576343295341,0.0
ES,MG,ES → MG,42,0,0.0,0.0,8.415805224867725,4.275,1.0,-6.938893903907228e-18,0.08379879086570391,0.0,2.8770628709491044,0.0
GO,GO,GO → GO,31,0,0.0,0.0,3.3418152628434883,4.516129032258065,1.0,0.0,0.11025539546043596,0.0,2.1235464047481485,0.0
DF,GO,DF → GO,30,0,0.0,0.03333333333333333,6.540494984567901,4.4,1.0,0.0,0.11351339317396876,0.0,2.055044907820789,0.0
